,MAPE per zone,,,,,,,,,,,,,,,,,,,,,
Name,Z1,Z2 ,Z3,Z4,Z5,Z6,Z7,Z8,Z9,Z10,Z11,Z12,Z13,Z14,Z15,Z16,Z17,Z18,Z19,Z20,Z21,Mean
Bechmark,8.39139699,6.269286304,6.269296523,8.544162552,9.882459456,6.229387213,6.269296523,9.200681346,23.20422483,8.534405665,10.67056,9.256020231,7.912094635,9.716888808,7.829098938,9.546638627,5.62741573,7.340510642,8.238666834,6.309988671,5.196814731,8.592347393
